{"cameraMode":{"drawMode":0,"name":"Shaded","section":"Shading Mode"},"sceneLighting":false,"audioPlay":false,"sceneViewState":{"showFog":true,"showMaterialUpdate":false,"showSkybox":false,"showFlares":true,"showImageEffects":true,"showParticleSystems":true},"in2DMode":false,"pivot":{"x":-0.019999995827674867,"y":-0.050000011920928958,"z":5.558000087738037},"rotation":{"x":0.1031760424375534,"y":-0.5173340439796448,"z":-0.06300316005945206,"w":-0.8472017049789429},"size":2.8578836917877199,"orthographic":false}