{"cameraMode":{"drawMode":0,"name":"Shaded","section":"Shading Mode"},"sceneLighting":false,"audioPlay":false,"sceneViewState":{"showFog":true,"showMaterialUpdate":false,"showSkybox":false,"showFlares":true,"showImageEffects":true,"showParticleSystems":true},"in2DMode":false,"pivot":{"x":-26.09954071044922,"y":2.0429306030273439,"z":51.70000076293945},"rotation":{"x":-0.04952690005302429,"y":0.34551388025283816,"z":-0.018263718113303186,"w":-0.936927855014801},"size":2.8578836917877199,"orthographic":false}