{"cameraMode":{"drawMode":0,"name":"Shaded","section":"Shading Mode"},"sceneLighting":false,"audioPlay":false,"sceneViewState":{"showFog":true,"showMaterialUpdate":false,"showSkybox":false,"showFlares":true,"showImageEffects":true,"showParticleSystems":true},"in2DMode":false,"pivot":{"x":21.100000381469728,"y":34.209999084472659,"z":-26.0},"rotation":{"x":-0.07812683284282685,"y":0.05161665007472038,"z":-0.004050163086503744,"w":-0.9955981373786926},"size":9.892292976379395,"orthographic":false}